{"cameraMode":{"drawMode":0,"name":"Shaded","section":"Shading Mode"},"sceneLighting":true,"audioPlay":false,"sceneViewState":{"m_AlwaysRefresh":false,"showFog":true,"showSkybox":true,"showFlares":true,"showImageEffects":true,"showParticleSystems":true,"showVisualEffectGraphs":true,"m_FxEnabled":true},"in2DMode":false,"pivot":{"x":-2.3291099071502687,"y":0.1928231418132782,"z":-5.8057684898376469},"rotation":{"x":-0.03172557055950165,"y":0.9514173269271851,"z":-0.10489671677350998,"w":-0.28775233030319216},"size":10.980506896972657,"orthographic":false}